Unidades,Chamadas Atendidas,Simples (Chatbot),Complexas (Humano),Tempo médio de espera (min),Tempo médio de serviço (min)
3,5000,110,4890,29149.97989987314,45.0952460993745
5,5000,110,4890,13175.930940426317,41.838592056238326
8,5000,110,4890,5347.181229078619,42.28305242011872
10,5000,110,4890,3445.8768508583835,44.21141096927455
