Unidades,Chamadas atendidas,Tempo médio de espera (min),Tempo médio de serviço (min)
3,5000,30055.8863608642,44.973158046829234
5,5000,13448.854514567387,42.82073868242609
8,5000,5777.372290471727,44.08563602844925
10,5000,2596.688111716616,42.5893783358484
